{
    "8150/connections/create-invitation?alias=agent_connection&auto_accept=true&multi_use=true": [
        0.022951787999772932
    ],
    "8150/connections/receive-invitation?auto_accept=true": [
        0.045415297001454746
    ],
    "8150/issue-credential/request": [
        0.021424698999908287,
        0.017519267999887234,
        0.0183078320005734,
        0.016559750998567324,
        0.017005677000270225,
        0.022903881999809528,
        0.015261885999279912,
        0.01835526400100207,
        0.01672206000148435,
        0.02178728100079752,
        0.015229966000333661,
        0.018118538999260636,
        0.01526154199927987,
        0.016703048000636045,
        0.014432121000936604,
        0.018505805001041153,
        0.02269613200041931,
        0.018923513998743147,
        0.01610953899944434,
        0.021947732000626274,
        0.02196344100048009,
        0.01513780300047074,
        0.015779678999024327,
        0.016317941999659524,
        0.015667493998989812,
        0.02073439500054519,
        0.02209926700015785,
        0.023312454999540932,
        0.014739374000782846,
        0.014992486998380627,
        0.02083939099975396,
        0.013657559000421315,
        0.01553949799927068,
        0.015171949000432505,
        0.01739275100044324,
        0.020997944000555435,
        0.020599282999683055,
        0.02187940499970864,
        0.019279094000012265,
        0.014945957000236376,
        0.01966684499893745,
        0.01667157899828453,
        0.01520657200126152,
        0.016719330998967052,
        0.013665103000676027,
        0.014481148000413668,
        0.01696347300094203,
        0.015187439999863273,
        0.02231801599918981,
        0.013730873999520554,
        0.016549613999814028,
        0.017081209998650593,
        0.013848662998498185,
        0.014866552999592386,
        0.015283646000170847,
        0.023121551999793155,
        0.01694326600045315,
        0.018944325998745626,
        0.016207201999350218,
        0.021330692999981693,
        0.01790233499923488,
        0.015559677000055672,
        0.014993546001278446,
        0.015424907000124222,
        0.01683201800005918,
        0.014171967999573098,
        0.02331171900004847,
        0.017964331000257516,
        0.016085472001577727,
        0.018709759000557824,
        0.014924777000487666,
        0.017926550999618485,
        0.01524795300065307,
        0.018787331000567065,
        0.01611387199955061,
        0.018309594999664114,
        0.018341776998568093,
        0.01591188299971691,
        0.016641332000290276,
        0.019358130000910023,
        0.01514776099975279,
        0.017442007998397457,
        0.016848993000166956,
        0.017449410999688553,
        0.018170598001233884,
        0.015961780998623,
        0.01626489299997047,
        0.016354666999177425,
        0.018635958000231767,
        0.015231092000249191,
        0.015023789001133991,
        0.016511036999872886,
        0.023396348999085603,
        0.019840962999296607,
        0.018522808999478002,
        0.0262302909995924,
        0.020298076000472065,
        0.018509808000089834,
        0.014254600999265676,
        0.01872550199914258
    ],
    "8150/wallet/did/create": [
        0.006370511999193695
    ],
    "8150/wallet/did/public?did=BWQ4MkFLPv7ib4tJoMezrT": [
        2.997281934000057
    ],
    "8151/connections/create-invitation?alias=agent_connection&auto_accept=true&multi_use=true": [
        0.023561710000649327
    ],
    "8151/connections/receive-invitation?auto_accept=true": [
        0.049331322999933036
    ],
    "8151/issue-credential/exchange/record": [
        0.011280900000201655,
        0.007558892999441014,
        0.008523090000380762,
        0.009396080999067635,
        0.010419202999401023,
        0.010567364000962698,
        0.010757975000160513,
        0.008252666999396752,
        0.011271164999925531,
        0.010676566000256571,
        0.010398524000265752,
        0.011261723999268725,
        0.009318771000835113,
        0.010417939000035403,
        0.010535905999859096,
        0.010621960000207764,
        0.010751384999821312,
        0.010533937998843612,
        0.01126237999960722,
        0.010228492001260747,
        0.010433338000439107,
        0.00983389300017734,
        0.011240730998906656,
        0.010893573000430479,
        0.011193619999176008,
        0.010852830000658287,
        0.010564115000306629,
        0.010110739998708596,
        0.0094137750002119,
        0.008893920999980764,
        0.012063788999512326,
        0.010286340000675409,
        0.011305433999950765,
        0.009604147000572993,
        0.01038887999857252,
        0.009737604999827454,
        0.011468878999949084,
        0.011119758000859292,
        0.010655177000444382,
        0.009665482999480446,
        0.01089105400023982,
        0.008528642998498981,
        0.011346864999723039,
        0.0096863979997579,
        0.007922835000499617,
        0.010247648999211378,
        0.010901809999268153,
        0.007691673999943305,
        0.011551524999958929,
        0.01089961400066386,
        0.010991744999046205,
        0.009462089001317509,
        0.011522519000209286,
        0.011039638999136514,
        0.01054424799986009,
        0.010484480000741314,
        0.011838225998872076,
        0.01135652300035872,
        0.010525350999159855,
        0.010714643998653628,
        0.011320162999254535,
        0.009758956000951002,
        0.010041477000413579,
        0.011629320999418269,
        0.015286533000107738,
        0.01181269200060342,
        0.008979180998721858,
        0.011871736000102828,
        0.010475515000507585,
        0.011820198000350501,
        0.00920279799902346,
        0.0090148279996356,
        0.009798205001061433,
        0.010939498999505304,
        0.011349936999977217,
        0.011594947000048705,
        0.010276129998601391,
        0.008596680001573986,
        0.009184311998978956,
        0.008316879999256344,
        0.010060480000902317,
        0.009522553998976946,
        0.011157360999277444,
        0.009774412999831839,
        0.009722176000650506,
        0.010139001999050379,
        0.010358071000155178,
        0.010413040001367335,
        0.009902171999783604,
        0.010396958999990602,
        0.009575400001267553,
        0.011276735000137705,
        0.009959619999790448,
        0.011512086999573512,
        0.010343416000978323,
        0.010887210999499075,
        0.010118163001607172,
        0.01190185299856239,
        0.00925138000093284,
        0.01057362899882719
    ],